"","comms_num","word","sentiment"
"1",0,"advanced",1
"2",0,"agree",1
"3",0,"crime",-3
"4",0,"discarded",-1
"5",0,"hope",2
"6",0,"support",2
"7",0,"worse",-3
"8",1,"accident",-2
"9",1,"badly",-3
"10",1,"cheers",2
"11",1,"dead",-3
"12",1,"deficit",-2
"13",1,"emergency",-2
"14",1,"heartbroken",-3
"15",1,"highlight",2
"16",1,"hope",2
"17",1,"hoping",2
"18",1,"hurt",-2
"19",1,"lost",-3
"20",1,"luck",3
"21",1,"missing",-2
"22",1,"poor",-2
"23",1,"risk",-2
"24",1,"safe",1
"25",1,"smart",1
"26",1,"solve",1
"27",1,"stopping",-1
"28",1,"threaten",-2
"29",2,"accident",-2
"30",2,"damage",-3
"31",2,"dedicated",2
"32",2,"join",1
"33",2,"questioning",-1
"34",2,"restricted",-2
"35",2,"shattered",-2
"36",2,"stopped",-1
"37",3,"annoying",-2
"38",3,"crazy",-2
"39",3,"dumb",-3
"40",3,"free",1
"41",3,"hard",-1
"42",3,"keen",1
"43",3,"likes",2
"44",3,"lucky",3
"45",3,"missing",-2
"46",3,"pay",-1
"47",3,"pretty",1
"48",3,"reached",1
"49",3,"scam",-2
"50",3,"share",1
"51",3,"vulnerable",-2
"52",4,"ability",2
"53",4,"abuse",-3
"54",4,"asset",2
"55",4,"asshole",-4
"56",4,"capable",1
"57",4,"care",2
"58",4,"chance",2
"59",4,"competitive",2
"60",4,"damage",-3
"61",4,"determined",2
"62",4,"drop",-1
"63",4,"encourage",2
"64",4,"friendly",2
"65",4,"grateful",3
"66",4,"helping",2
"67",4,"huge",1
"68",4,"insignificant",-2
"69",4,"join",1
"70",4,"lost",-3
"71",4,"luck",3
"72",4,"opportunity",2
"73",4,"reward",2
"74",4,"strong",2
"75",4,"super",3
"76",4,"supports",2
"77",4,"thrilled",5
"78",4,"trauma",-3
"79",4,"victims",-3
"80",4,"violence",-3
"81",5,"angry",-3
"82",5,"avoid",-1
"83",5,"careful",2
"84",5,"cool",1
"85",5,"curious",1
"86",5,"danger",-2
"87",5,"emergency",-2
"88",5,"enjoy",2
"89",5,"miss",-2
"90",5,"nice",3
"91",5,"safety",1
"92",5,"vague",-2
"93",5,"violates",-2
"94",5,"warnings",-3
"95",6,"accepted",1
"96",6,"advanced",1
"97",6,"alive",1
"98",6,"appreciated",2
"99",6,"appreciation",2
"100",6,"ashamed",-2
"101",6,"avoid",-1
"102",6,"award",3
"103",6,"blocked",-1
"104",6,"calm",2
"105",6,"calmed",2
"106",6,"care",2
"107",6,"choking",-2
"108",6,"crap",-3
"109",6,"cuts",-1
"110",6,"dead",-3
"111",6,"die",-3
"112",6,"died",-3
"113",6,"doubt",-1
"114",6,"encourage",2
"115",6,"feeling",1
"116",6,"fine",2
"117",6,"forget",-1
"118",6,"free",1
"119",6,"fucker",-4
"120",6,"hell",-4
"121",6,"hope",2
"122",6,"hoping",2
"123",6,"lost",-3
"124",6,"love",3
"125",6,"matter",1
"126",6,"panic",-3
"127",6,"panicked",-3
"128",6,"positive",2
"129",6,"saved",2
"130",6,"scream",-2
"131",6,"screaming",-2
"132",6,"screams",-2
"133",6,"shit",-4
"134",6,"shock",-2
"135",6,"stop",-1
"136",6,"stopped",-1
"137",6,"strange",-1
"138",6,"strength",2
"139",6,"top",2
"140",6,"won",3
"141",6,"worthy",2
"142",6,"wtf",-4
"143",7,"avoid",-1
"144",7,"care",2
"145",7,"careful",2
"146",7,"cares",2
"147",7,"fail",-2
"148",7,"fitness",1
"149",7,"forget",-1
"150",7,"gained",2
"151",7,"intimidated",-2
"152",7,"join",1
"153",7,"sad",-2
"154",7,"share",1
"155",7,"stop",-1
"156",7,"strength",2
"157",7,"support",2
"158",7,"useless",-2
"159",7,"waste",-1
"160",8,"appreciated",2
"161",8,"avoid",-1
"162",8,"blocks",-1
"163",8,"comfortable",2
"164",8,"empty",-1
"165",8,"free",1
"166",8,"frustrated",-2
"167",8,"harm",-2
"168",8,"lol",3
"169",8,"love",3
"170",8,"luck",3
"171",8,"pretty",1
"172",8,"skeptical",-2
"173",9,"awful",-3
"174",9,"dead",-3
"175",9,"delay",-1
"176",9,"desperately",-3
"177",9,"feeling",1
"178",9,"free",1
"179",9,"generous",2
"180",9,"gift",2
"181",9,"lol",3
"182",9,"love",3
"183",9,"positive",2
"184",9,"pretty",1
"185",9,"scam",-2
"186",9,"wasted",-2
"187",10,"block",-1
"188",10,"confused",-2
"189",10,"crying",-2
"190",10,"disgusting",-3
"191",10,"drunk",-2
"192",10,"fuck",-4
"193",10,"healthy",2
"194",10,"hope",2
"195",10,"hoping",2
"196",10,"limited",-1
"197",10,"lucky",3
"198",10,"pay",-1
"199",10,"poor",-2
"200",10,"reaching",1
"201",10,"refused",-2
"202",10,"risk",-2
"203",10,"safely",1
"204",10,"save",2
"205",10,"shit",-4
"206",10,"sick",-2
"207",10,"steal",-2
"208",10,"stopped",-1
"209",10,"support",2
"210",10,"threats",-2
"211",10,"tired",-2
"212",10,"worth",2
"213",11,"battle",-1
"214",11,"battles",-1
"215",11,"cheer",2
"216",11,"clean",2
"217",11,"expand",1
"218",11,"fun",4
"219",11,"granted",1
"220",11,"gun",-1
"221",11,"hide",-1
"222",11,"hopes",2
"223",11,"love",3
"224",11,"loved",3
"225",11,"obsessed",2
"226",11,"popular",3
"227",11,"pretty",1
"228",11,"sore",-1
"229",11,"spirit",1
"230",11,"support",2
"231",12,"astounded",3
"232",12,"bright",1
"233",12,"broke",-1
"234",12,"cool",1
"235",12,"crime",-3
"236",12,"loss",-3
"237",12,"love",3
"238",12,"share",1
"239",13,"free",1
"240",14,"accidentally",-2
"241",14,"care",2
"242",14,"clean",2
"243",14,"collapse",-2
"244",14,"committed",1
"245",14,"crisis",-3
"246",14,"empty",-1
"247",14,"fine",2
"248",14,"missing",-2
"249",14,"mistake",-2
"250",14,"overweight",-1
"251",14,"pay",-1
"252",14,"penalty",-2
"253",14,"pretty",1
"254",14,"risk",-2
"255",14,"solid",2
"256",14,"starve",-2
"257",14,"stupid",-2
"258",14,"true",2
"259",14,"wrong",-2
"260",15,"blame",-2
"261",15,"charged",-3
"262",15,"charges",-2
"263",15,"cheat",-3
"264",15,"convince",1
"265",15,"dear",2
"266",15,"dirty",-2
"267",15,"fraud",-4
"268",15,"lawsuit",-2
"269",15,"liar",-3
"270",15,"pretends",-1
"271",15,"promise",1
"272",15,"promises",1
"273",15,"recommend",2
"274",15,"safe",1
"275",15,"scam",-2
"276",15,"unprofessional",-2
"277",15,"victim",-3
"278",15,"worst",-3
"279",15,"wrong",-2
"280",16,"cheers",2
"281",17,"apologize",-1
"282",17,"comedy",1
"283",17,"fan",3
"284",17,"free",1
"285",17,"hoping",2
"286",17,"huge",1
"287",17,"pay",-1
"288",17,"sincerely",2
"289",17,"super",3
"290",17,"wonderful",4
"291",18,"lol",3
"292",18,"nice",3
"293",18,"smiled",2
"294",18,"weird",-2
"295",19,"ability",2
"296",19,"advantage",2
"297",19,"aggressive",-2
"298",19,"appreciated",2
"299",19,"bad",-3
"300",19,"bitch",-5
"301",19,"care",2
"302",19,"clean",2
"303",19,"complained",-2
"304",19,"complains",-2
"305",19,"conspiracy",-3
"306",19,"cut",-1
"307",19,"dirty",-2
"308",19,"fatalities",-3
"309",19,"focused",2
"310",19,"fuck",-4
"311",19,"god",1
"312",19,"hard",-1
"313",19,"ignorance",-2
"314",19,"join",1
"315",19,"legal",1
"316",19,"lobbying",-2
"317",19,"lol",3
"318",19,"love",3
"319",19,"nice",3
"320",19,"pretty",1
"321",19,"promise",1
"322",19,"promote",1
"323",19,"reached",1
"324",19,"safely",1
"325",19,"selfish",-3
"326",19,"share",1
"327",19,"shit",-4
"328",19,"stopped",-1
"329",19,"support",2
"330",19,"supported",2
"331",19,"supporter",1
"332",19,"weird",-2
"333",19,"wrong",-2
"334",19,"wtf",-4
"335",20,"bullshit",-4
"336",20,"care",2
"337",20,"cares",2
"338",20,"chance",2
"339",20,"creative",2
"340",20,"difficult",-1
"341",20,"dirt",-2
"342",20,"disappointed",-2
"343",20,"excluded",-2
"344",20,"fear",-2
"345",20,"grey",-1
"346",20,"helping",2
"347",20,"illness",-2
"348",20,"lack",-2
"349",20,"mongering",-2
"350",20,"pleasure",3
"351",20,"pretty",1
"352",20,"promises",1
"353",20,"rich",2
"354",20,"safe",1
"355",20,"sucks",-3
"356",20,"support",2
"357",20,"top",2
"358",20,"trust",1
"359",21,"awesome",4
"360",21,"frustrated",-2
"361",21,"fun",4
"362",21,"hard",-1
"363",21,"love",3
"364",21,"luck",3
"365",21,"mess",-2
"366",21,"nice",3
"367",21,"pretty",1
"368",21,"resolve",2
"369",21,"sick",-2
"370",21,"stopped",-1
"371",22,"annoying",-2
"372",22,"clean",2
"373",22,"crime",-3
"374",22,"friendly",2
"375",23,"careful",2
"376",23,"fucking",-4
"377",23,"hope",2
"378",23,"losing",-3
"379",23,"risk",-2
"380",23,"shitty",-3
"381",23,"suspicious",-2
"382",24,"curious",1
"383",24,"scared",-2
"384",24,"shit",-4
"385",24,"solid",2
"386",24,"weird",-2
"387",26,"ass",-4
"388",26,"cut",-1
"389",26,"dead",-3
"390",26,"hard",-1
"391",26,"jesus",1
"392",27,"luck",3
"393",29,"favorites",2
"394",29,"fuck",-4
"395",29,"fucked",-4
"396",29,"fun",4
"397",29,"ignore",-1
"398",29,"love",3
"399",29,"share",1
"400",30,"amazing",4
"401",30,"love",3
"402",31,"doubt",-1
"403",31,"favorite",2
"404",31,"fine",2
"405",31,"guilty",-3
"406",31,"pay",-1
"407",31,"share",1
"408",32,"bad",-3
"409",32,"crime",-3
"410",32,"safe",1
"411",33,"affected",-1
"412",33,"cheers",2
"413",33,"negative",-2
"414",34,"crime",-3
"415",34,"cute",2
"416",34,"improving",2
"417",34,"pleasant",3
"418",34,"pretty",1
"419",34,"recommend",2
"420",34,"safety",1
"421",34,"wow",4
"422",35,"easy",1
"423",35,"join",1
"424",35,"perfect",3
"425",36,"lol",3
"426",36,"odd",-2
"427",36,"worse",-3
"428",37,"funky",2
"429",42,"extend",1
"430",42,"stops",-1
"431",44,"avoid",-1
"432",44,"bad",-3
"433",44,"insane",-2
"434",44,"love",3
"435",44,"naive",-2
"436",44,"nice",3
"437",44,"safe",1
"438",44,"safely",1
"439",44,"safety",1
"440",45,"attraction",2
"441",45,"avoid",-1
"442",45,"benefit",2
"443",45,"benefits",2
"444",45,"free",1
"445",45,"improve",2
"446",45,"improvement",2
"447",45,"improving",2
"448",45,"increase",1
"449",45,"misleading",-3
"450",45,"vision",1
"451",49,"awesome",4
"452",49,"bomb",-1
"453",49,"jolly",2
"454",49,"nice",3
"455",49,"safe",1
"456",51,"amazing",4
"457",51,"missing",-2
"458",78,"agree",1
"459",78,"favorite",2
"460",78,"free",1
"461",78,"top",2
